,Name,Representation,Representative_Docs,Better_Names
0,-1_the_to_is_of,"['hardest working president', 'fake corrupt news media', 'fake numbers', 'witch hunt']","['the people that know me and know the history of our country say that i am the hardest working president in history i don t know about that but i am a hard worker and have probably gotten more done in the first years than any president in history the fake news hates it', 'the fake corrupt news media said they had a leak into polling done by my campaign which by the way and despite the phony and never ending witch hunt are the best numbers we have ever had they reported fake numbers that they made up amp don t even exist we will win again', 'thank you to for the really nice words on all we are doing and have done we will win']",Donald Trump's Presidency and Media Relations
1,0_run_president_trump_donald,"['run', 'president', 'trump', 'donald', 'mr', 'please', 'need', 'you', 'vote', 'needs']","['morgansscool please run for president you have my vote we need more people like you in this world you re a great man', 'i hope you can go to and vote for donald trump in order to make america great again thanks', 'its time can please run for president']",Donald Trump's Presidential Campaign
2,1_crowd_carolina_thank_rally,"['crowd', 'carolina', 'thank', 'rally', 'join', 'iowa', 'pennsylvania', 'florida', 'ohio', 'maga']","['thank you south carolina makeamericagreatagain trump', 'thank you south carolina now let s get out tomorrow and vote for', 'just left a great rally in florida now heading to ohio for two more will be there soon']",Trump Campaign Rallies in Various States
3,2_golf_course_doral_scotland,"['golf', 'course', 'doral', 'scotland', 'club', 'turnberry', 'links', 'courses', 'national', 'miami']","['business what it s like to play new york city golf course', 'the people of scotland love trump international golf links', 'i ll be playing golf tomorrow in palm beach at the number one rated golf course in the state of florida trump international golf club']",Trump Golf Courses
4,3_entrepreneurs_yourself_think_your,"['entrepreneurs', 'yourself', 'think', 'your', 'success', 'focus', 'work', 'you', 'keep', 'champion']","['entrepreneurs look at the solution not the problem learn to focus on what will give results', 'entrepreneurs see yourself as victorious look at the solution not the problem keep your focus positive', 'entrepreneurs keep your focus and keep your momentum believe in yourself if you don t no one else will either']",Self-Motivation Strategies for Entrepreneurs
5,4_border_wall_mexico_immigration,"['border', 'wall', 'mexico', 'immigration', 'security', 'southern', 'illegal', 'democrats', 'laws', 'our']","['congress must change the immigration laws now dems won t act wall is being built miles by end of next year mexico must stop the march to border', 'we have a state of emergency at our southern border border patrol our military and local law enforcement are doing a great job but without the wall which is now under major construction you cannot have border security drugs gangs and human trafficking must be stopped', 'our great country must have border security']",U.S.-Mexico Border Wall and Immigration Policy
6,5_hotel_chicago_tower_building,"['hotel', 'chicago', 'tower', 'building', 'sign', 'trump', 'nyc', 'luxury', 'vegas', 'hotels']","['check out trump international hotel tower new york spectacular', 'trump int l hotel amp tower chicago is one of very few hotels in no america w a star diamond hotel amp a star diamond restaurant', 'ribkamaria rt stunning hotel trump international hotel amp tower chicago']",Trump International Hotel and Tower Properties
7,6_china_trade_tariffs_chinese,"['china', 'trade', 'tariffs', 'chinese', 'us', 'farmers', 'deal', 'our', 'currency', 'we']","['there will be nobody left in china to do business with very bad for china very good for usa but china has taken so advantage of the u s for so many years that they are way ahead our presidents did not do the job therefore china should not retaliate will only get worse', 'there will be nobody left in china to do business with very bad for china very good for usa but china has taken so advantage of the u s for so many years that they are way ahead our presidents did not do the job therefore china should not retaliate will only get worse', 'right now we are running a massive billion trade deficit with china that means every year china is cont']",US-China Trade Relations and Tariffs
8,7_media_fake_news_story,"['media', 'fake', 'news', 'story', 'dishonest', 'failing', 'they', 'sources', 'reporting', 'times']","['cnn and others in the fake news business keep purposely and inaccurately reporting that i said the media is the enemy of the people wrong i said that the fake news media is the enemy of the people a very big difference when you give out false information not good', 'wow so many fake news stories today no matter what i do or say they will not write or speak truth the fake news media is out of control', 'the fake news media has never been more dishonest or corrupt than it is right now there has never been a time like this in american history very exciting but also very sad fake news is the absolute enemy of the people and our country itself']",Misinformation and Bias in Media Reporting
9,8_obamacare_healthcare_repeal_website,"['obamacare', 'healthcare', 'repeal', 'website', 'premiums', 'medicare', 'replace', 'plan', 'care', 'insurance']","['we will immediately repeal and replace obamacare and nobody can do that like me we will save s and have much better healthcare', 'as usual the obamacare premiums will be up the dems own it but we will repeal amp replace and have great healthcare soon after tax cuts', 'where are and obamacare']",Affordable Care Act Repeal Efforts
10,9_amp_you_it_are,"['amp', 'you', 'it', 'are', 'to', 'we', 'great', 'on', 'for', 'be']","['in order to draintheswamp amp create a new government of by amp for the people i need your vote go to let s maga', 'my int with on obama being all talk amp no action amp making america great again', 'the great patriots of rolling thunder will be coming back to washington d c next year amp hopefully for many years to come it is where they want to be amp where they should be have a wonderful time today thank you to our great men amp women of the pentagon for working it out']",Donald Trump's Political Rhetoric and Campaigns
11,10_veterans_honor_heroes_our,"['veterans', 'honor', 'heroes', 'our', 'day', 'today', 'nation', 'women', 'men', 'we']","['happy veterans day', 'on this vietnam war veterans day we celebrate the brave vietnam veterans and all of america s veterans thank you for your service to our great nation', 'always great to speak with veterans our nation s heroes we will make america great again']",Honoring Our Veterans and Heroes
12,11_celebapprentice_celebrityapprentice_show_season,"['celebapprentice', 'celebrityapprentice', 'show', 'season', 'boardroom', 'wait', 'tv', 'love', 'tonight', 'episode']","['who do you think is going home celebapprentice', 'let s go celebapprentice', 'people love celebapprentice']",The Celebrity Apprentice Season
13,12_mayor_cuomo_police_anarchists,"['mayor', 'cuomo', 'police', 'anarchists', 'portland', 'baltimore', 'york', 'protesters', 'guard', 'governor']","['other democrat run cities and states should look at the total shutdown of radical left anarchists in minneapolis last night the national guard did a great job and should be used in other states before it is too late', 'democrats and biden didn t even mention the anarchists agitators looters and so called peaceful protesters at their convention they will allow rampant crime just as they do in portland if they ask us as they must do we will end crime in their democrat run cities fast', 'congratulations to our national guard for the great job they did immediately upon arriving in minneapolis minnesota last night the antifa led anarchists among others were shut down quickly should have been done by mayor on first night and there would have been no trouble']",Government Response to Anarchist Protests in U.S. Cities
14,13_nice_idea_thanks_so,"['nice', 'idea', 'thanks', 'so', 'enjoy', 'very', 'good', 'it', 'wrong', 'cute']","['very nice thanks', 'very nice thanks', 'so nice thanks']",Expressions of Gratitude and Appreciation
15,14_isis_syria_iraq_turkey,"['isis', 'syria', 'iraq', 'turkey', 'kurds', 'oil', 'attack', 'syrian', 'we', 'obama']","['likewise do not want the kurds to provoke turkey russia iran and syria have been the biggest beneficiaries of the long term u s policy of destroying isis in syria natural enemies we also benefit but it is now time to bring our troops back home stop the endless wars', 'so obama wants to bomb isis in iraq amp arm them in syria what is he doing', 'we defeated of the isis caliphate and no longer have any troops in the area under attack by turkey in syria we did our job perfectly now turkey is attacking the kurds who have been fighting each other for years']",ISIS Influence and Conflict in Syria and Iraq
16,15_apprentice_celebrity_nbc_season,"['apprentice', 'celebrity', 'nbc', 'season', 'episode', 'sunday', 'tonight', 'show', 'watch', 'pm']","['the celebrity apprentice sunday night at pm on nbc another great episode', 'the apprentice will be great', 'watch celebrity apprentice on now']",The Celebrity Apprentice Season 15 on NBC
17,16_poll_polls_lead_numbers,"['poll', 'polls', 'lead', 'numbers', 'carson', 'new', 'trump', 'iowa', 'leading', 'gop']","['a great new poll', 'great new poll', 'new poll thank you trump']",GOP Iowa Caucus Polling Trends
18,17_endorsement_complete_congressman_total,"['endorsement', 'complete', 'congressman', 'total', 'amendment', 'vets', 'second', 'strong', 'military', 'has']","['john is strong on crime and borders loves our military our vets and our second amendment he will be a star he has my full and total endorsement', 'matt is great strong on military vets and our great nd amendment has my complete and total endorsement', 'congressman is a strong supporter and fighter for the people of ohio he will help us maga he s strong on the border tough on crime will protect our vets and our great second amendment mike has my complete and total endorsement']",Presidential Endorsements for Pro-Military and Second Amendment Congressmen
19,18_thanks_thank_you_david,"['thanks', 'thank', 'you', 'david', 'dan', 'james', 'andrew', 'steve', 'nathalie', 'brad']","['thanks bill', 'thank you amp', 'thank you amp']",Expressions of Gratitude to Individuals
20,19_thanks_fifth_think_dope,"['thanks', 'fifth', 'think', 'dope', 'appreciate', 'everybody', 'says', 'th', 'even', 'many']","['thanks', 'thanks', 'thanks']",Expressions of Gratitude
21,20_coronavirus_testing_vaccine_autism,"['coronavirus', 'testing', 'vaccine', 'autism', 'virus', 'covid', 'cases', 'vaccines', 'ventilators', 'china']","['tell the dems that we have more cases because we do far more testing than any other country', 'new china virus cases up because of massive testing deaths are down low and steady the fake news media should report this and also that new job numbers are setting records', 'the only reason the u s has reported one million cases of coronavirus is that our testing is sooo much better than any other country in the world other countries are way behind us in testing and therefore show far fewer cases']",COVID-19 Testing and Reporting Dynamics
22,21_biden_joe_sleepy_fracking,"['biden', 'joe', 'sleepy', 'fracking', 'he', 'wins', 'energy', 'swine', 'hunter', 'flu']","['i did more in months as president than sleepy joe biden did in years maga', 'congratulations to sleepy joe biden', 'sleepy joe biden']",Joe Biden's Energy Policies and Nicknames
23,22_ballots_election_fraud_mail,"['ballots', 'election', 'fraud', 'mail', 'rigged', 'voter', 'voting', 'ballot', 'votes', 'pennsylvania']","['absentee ballots are a great way to vote for the many senior citizens military and others who can t get to the polls on election day these ballots are very different from mail in voting which is ripe for fraud and shouldn t be allowed', 'absentee ballots are fine a person has to go through a process to get and use them mail in voting on the other hand will lead to the most corrupt election is usa history bad things happen with mail ins just look at special election in patterson n j of ballots a fraud', 'barr mail in ballots absolutely opens the floodgates to fraud via this will be the election disaster of our time mail in ballots will lead to a rigged election']",Mail-In Voting and Election Fraud Concerns
24,23_ties_macy_shirts_collection,"['ties', 'macy', 'shirts', 'collection', 'tie', 'signature', 'available', 'exclusively', 'bought', 'suits']","['people are loving the new line of trump ties and shirts at macy s check them out', 'shirts and ties are doing great', 'my ties shirts and cufflinks have never been more beautiful the best available at macy s']",Macy's Exclusive Trump Signature Tie and Shirt Collection
25,24_melania_ivanka_lady_daughter,"['melania', 'ivanka', 'lady', 'daughter', 'first', 'melaniatrump', 'wife', 'flotus', 'her', 'beautiful']","['melania will be interviewed by on now a m enjoy', 'happy birthday to melania our great first lady', 'watch my wife melania trump tonight on at a m so proud of her']",Melania Trump and Ivanka Trump: Family of the First Lady
26,25_america_again_together_we,"['america', 'again', 'together', 'we', 'make', 'country', 'safe', 'our', 'great', 'are']","['together we are going to make america safe and great again', 'we have to make america great again', 'thank you we will make america great again']",Making America Great Again
27,26_thank_you_appreciate_and,"['thank', 'you', 'appreciate', 'and', 'it', 'to', '', '', '', '']","['thank you', 'thank you', 'thank you']",Expressions of Gratitude
28,27_hillary_crooked_clinton_she,"['hillary', 'crooked', 'clinton', 'she', 'her', 'judgement', 'bad', 'hillaryclinton', 'draintheswamp', 'bernie']","['crooked hillary clinton created this mess and she knows it draintheswamp', 'after today crooked hillary can officially be called lyin crooked hillary', 'crooked hillary clinton likes to talk about the things she will do but she has been there for years why didn t she do them']",Criticism of Hillary Clinton
29,28_party_democrats_radical_left,"['party', 'democrats', 'radical', 'left', 'republicans', 'republican', 'dems', 'nothing', 'they', 'are']","['the republican party is the party of the american dream', 'no matter what you give to the radical left do nothing democrats it will never be enough', 'radical left democrats are going crazy']",Radical Left Democrats in American Politics
30,29_wind_turbines_scotland_ugly,"['wind', 'turbines', 'scotland', 'ugly', 'bird', 'windfarm', 'windmills', 'alexsalmond', 'birds', 'killing']","['on ruining scotland s beauty with ugly amp costly wind turbines', 'like ugly bird killing wind turbines', 'wind turbines are a disaster']",Controversy Over Wind Turbines in Scotland
31,30_iran_nuclear_iranian_deal,"['iran', 'nuclear', 'iranian', 'deal', 'sanctions', 'kerry', 'weapons', 'united', 'attack', 'obama']","['the iran nuclear deal is a terrible one for the united states and the world it does nothing but make iran rich and will lead to catastrophe', 'a terrible deal with iran', 'statement on the iran nuclear deal']",Iran Nuclear Deal
32,31_oil_gas_opec_prices,"['oil', 'gas', 'opec', 'prices', 'keystone', 'energy', 'pipeline', 'coal', 'cont', 'barrel']","['a gallon gas and we have yet to approve the keystone xl pipeline opec is laughing at us', 'oil prices are too high opec is at it again not good', 'opec has just raised oil to over barrel and still won t approve the keystone pipeline does he want high gas prices']",OPEC's Influence on Oil and Gas Prices and Pipeline Politics
33,32_book_read_books_new,"['book', 'read', 'books', 'new', 'reading', 'copy', 'great', 'written', 'author', 'out']","['great book', 'great book', 'great book']",New and Noteworthy Books to Read
34,33_via_donald_by_trump,"['via', 'donald', 'by', 'trump', 'cpac', 'gop', 'iowa', 'speak', 'eugene', 'run']","['via', 'via', 'via by']",Donald Trump's Potential Run for Presidency Announced at CPAC
35,34_obama_president_he_barack,"['obama', 'president', 'he', 'barack', 'carter', 'jimmy', 'barackobama', 'bush', 'worst', 'is']","['i was never a big fan of bush he gave us obama', 'i was never a fan of bush in fact he was so bad he gave us obama but obama is truly a pathetic excuse of a president can t get any worse', 'trump on obama i never thought it would be this bad via']",Criticism of Barack Obama's Presidency
36,35_korea_north_kim_jong,"['korea', 'north', 'kim', 'jong', 'un', 'south', 'meeting', 'nuclear', 'chairman', 'china']","['just landed a long trip but everybody can now feel much safer than the day i took office there is no longer a nuclear threat from north korea meeting with kim jong un was an interesting and very positive experience north korea has great potential for the future', 'all false reporting guessing on my intentions with respect to north korea kim jong un and i will try very hard to work something out on denuclearization amp then making north korea an economic powerhouse i believe that china russia japan amp south korea will be very helpful', 'leaving south korea after a wonderful meeting with chairman kim jong un stood on the soil of north korea an important statement for all and a great honor']",North Korea Diplomacy and Kim Jong-un
37,36_tax_taxes_cuts_cut,"['tax', 'taxes', 'cuts', 'cut', 'raise', 'reform', 'fiscal', 'biggest', 'growth', 'cliff']","['democrats don t want massive tax cuts how does that win elections great reviews for tax cut and reform bill', 'and it will get even better with tax cuts', 'as the world watches we are days away from passing historic tax cuts for american families and businesses it will be the biggest tax cut and tax reform in the history of our country']",U.S. Tax Reform and Tax Cuts
38,37_prayers_condolences_families_enforcement,"['prayers', 'condolences', 'families', 'enforcement', 'thoughts', 'victims', 'law', 'officers', 'shooting', 'responders']","['my prayers and condolences to the victims and families of the terrible tragedy in nice france we are with you in every way', 'my thoughts and prayers are with the two police officers their families and everybody at the', 'my thoughts condolences and prayers to the victims and families of the new york city terrorist attack god and your country are with you']",Support and Remembrance for Victims of Tragedies and Their Families
39,38_interviewed_enjoy_tonight_at,"['interviewed', 'enjoy', 'tonight', 'at', 'be', 'will', 'on', 'morning', 'by', 'interview']","['will be interviewed by on tonight at p m enjoy', 'i will be interviewed by tonight at p m on enjoy', 'will be interviewed by tonight at p m on enjoy']",Scheduled Interview Broadcast for Tonight
40,39_interview_discussing_my_gop,"['interview', 'discussing', 'my', 'gop', 'iontv', 'newsmax', 'primary', 'yesterday', 'trumptuesday', 'with']","['my interview with discussing my endorsement of and why he can beat', 'my interview with yesterday discussing by meeting with', 'my interview']",My GOP Endorsement Discussion Interview
41,40_cnn_ratings_news_fake,"['cnn', 'ratings', 'news', 'fake', 'msnbc', 'scarborough', 'nbc', 'morning', 'joe', 'psycho']","['cnn is fake news and all smart people know that', 'the fake news of big ratings loser cnn', 'cnn at a m']",CNN's Credibility and Ratings Controversy
42,41_impeachment_hoax_impeach_nothing,"['impeachment', 'hoax', 'impeach', 'nothing', 'democrats', 'impeached', 'do', 'president', 'dems', 'wrong']","['a total impeachment scam by the do nothing democrats', 'impeachment is a terrible idea for the country the more people learn about impeachment the less people want impeachment', 'the president did nothing wrong here there is no crime impeachment hoax']",Presidential Impeachment Controversy
43,42_true_so_thanks_sadly,"['true', 'so', 'thanks', 'sadly', 'but', 'sooooo', 'and', 'thank', 'opposite', 'very']","['true', 'true', 'true']",Gratitude and Politeness Expressions
44,43_miss_pageant_universe_usa,"['miss', 'pageant', 'universe', 'usa', 'missuniverse', 'moscow', 'nbc', 'et', 'missusa', 'live']","['will be in louisiana for the miss usa pageant which will be on nbc on sunday night watch miss pennsylvania an interesting and amazing story', 'miss usa pageant is much better', 'excited to announce that amp will be hosting the miss universe pageant great ratings for miss universe']",Miss Universe and Miss USA Pageants
45,44_mueller_report_collusion_obstruction,"['mueller', 'report', 'collusion', 'obstruction', 'no', 'robert', 'democrats', 'angry', 'witch', 'hunt']","['this should have been over with after the mueller report came out', 'bob mueller was a great hero to the radical left democrats now that the mueller report is finished with a finding of no collusion amp no obstruction based on a review of report by our highly respected a g the dems are going around saying bob who sorry don t know the man', 'highly conflicted robert mueller should not be given another bite at the apple in the end it will be bad for him and the phony democrats in congress who have done nothing but waste time on this ridiculous witch hunt result of the mueller report no collusion no obstruction']",Mueller Report Findings on Russian Collusion and Obstruction of Justice
46,45_christmas_happy_merry_easter,"['christmas', 'happy', 'merry', 'easter', 'year', 'thanksgiving', 'everyone', 'holiday', 'wishing', 'new']","['merry christmas', 'i d like to wish all of my friends and even my many enemies a very merry christmas and happy new year', 'merry christmas and a very very very very happy new year to everyone']",Holiday Greetings and Well Wishes
47,46_makeamericagreatagain_trump_america_donald,"['makeamericagreatagain', 'trump', 'america', 'donald', 'know', 'trumpforpresident', 'la', 'needs', 'only', 'makeamericaworkagain']","['makeamericagreatagain trump', 'makeamericagreatagain trump', 'makeamericagreatagain trump']",Donald Trump's Presidential Campaign Slogans
48,47_secretary_pleased_general_acting,"['secretary', 'pleased', 'general', 'acting', 'announce', 'ambassador', 'director', 'attorney', 'outstanding', 'service']","['i am pleased to announce that mick mulvaney director of the office of management amp budget will be named acting white house chief of staff replacing general john kelly who has served our country with distinction mick has done an outstanding job while in the administration', 'we are pleased to announce that matthew g whitaker chief of staff to attorney general jeff sessions at the department of justice will become our new acting attorney general of the united states he will serve our country well', 'i am pleased to inform you that i have just named general secretary john f kelly as white house chief of staff he is a great american']",High-Level Government Appointments and Acting Officials
49,48_israel_peace_jerusalem_jewish,"['israel', 'peace', 'jerusalem', 'jewish', 'tlaib', 'omar', 'anti', 'congresswomen', 'arab', 'bahrain']","['thank you to wayne allyn root for the very nice words president trump is the greatest president for jews and for israel in the history of the world not just america he is the best president for israel in the history of the world and the jewish people in israel love him', 'thank you pm and the state of israel for this great honor', 'big day for israel congratulations']",Israel-United States Relations and Peace Efforts
50,49_debate_debates_drudge_won,"['debate', 'debates', 'drudge', 'won', 'polls', 'poll', 'last', 'night', 'would', 'said']","['thanks everyone they all said i won the debate even won the poll', 'i won every debate so far according to all debate polls including and more too bad dopey lies', 'wow every poll said i won the debate last night great honor']",Political Debate Victory Claims
51,50_charity_sugar_money_million,"['charity', 'sugar', 'money', 'million', 'charities', 'raised', 'research', 'jude', 'goal', 'dopey']","['i can t wait to donate million to charity just waiting on to send me the money', 'dopey is in for a lot of trouble i hope he has million for charity', 'we have raised millions of dollars for charity']",Million Dollar Charity Fundraising
52,51_collusion_russia_hunt_witch,"['collusion', 'russia', 'hunt', 'witch', 'russian', 'hoax', 'no', 'there', 'campaign', 'intelligence']","['the senate intelligence committee there is no evidence of collusion between the trump campaign and russia', 'no collusion rigged witch hunt', 'witch hunt there was no russian collusion oh i see there was no russian collusion so now they look for obstruction on the no russian collusion the phony russian collusion was a made up hoax too bad they didn t look at crooked hillary like this double standard']",Trump-Russia Collusion Allegations and Investigations
53,52_schiff_whistleblower_adam_shifty,"['schiff', 'whistleblower', 'adam', 'shifty', 'call', 'conversation', 'corrupt', 'ukrainian', 'congress', 'politician']","['where s the whistleblower where s the second whistleblower where s the informer why did corrupt politician schiff make up my conversation with the ukrainian president why didn t the house do its job and sooo much more', 'shifty schiff now seems to think they don t need the whistleblower who started the whole scam the reason is that the whistleblower has lost all credibility because the story is so far from the facts on the transcript also the second whistleblower is no longer even mentioned', 'the whistleblower must come forward to explain why his account of the phone call with the ukrainian president was so inaccurate fraudulent why did the whistleblower deal with corrupt politician shifty adam schiff and or his committee']",Adam Schiff and the Ukrainian Whistleblower Controversy
54,53_debt_trillion_ceiling_deficit,"['debt', 'trillion', 'ceiling', 'deficit', 'budget', 'national', 'scary', 'obama', 'over', 'deficits']","['america has lost its aaa rating and gained over t in debt under and now he wants to raise the debt ceiling scary', 'inherited trillion in national debt will leave after his first term with the debt at over trillion', 'republicans remember debt ceiling debt ceiling debt ceiling be smart and you will win']",United States National Debt and Debt Ceiling Controversies
55,54_nancy_pelosi_she_impeachment,"['nancy', 'pelosi', 'she', 'impeachment', 'her', 'crazy', 'nervous', 'house', 'senate', 'usmca']","['come on crazy nancy do it', 'i can get nancy pelosi as many votes as she wants in order for her to be speaker of the house she deserves this victory she has earned it but there are those in her party who are trying to take it away she will win', 'why is nancy pelosi getting paid when people who are working are not']",Nancy Pelosi and the Impeachment Process
56,55_stock_market_dow_record,"['stock', 'market', 'dow', 'record', 'high', 'since', 'stocks', 'up', 'jobs', 'time']","['stock market up big today a new record enjoy', 'stock market up big', 'big stock market numbers']",Dow Jones Industrial Average Reaches Record High
57,56_letterman_howard_stern_david,"['letterman', 'howard', 'stern', 'david', 'show', 'fallon', 'tonight', 'night', 'on', 'jimmy']","['getting ready to do the david letterman tonight i hope you all will watch i think', 'i m doing the david letterman show tonight should be interesting', 'i am on david letterman tonight']",David Letterman's Late Night Talk Show Appearances
58,57_enjoy_at_monday_tonight,"['enjoy', 'at', 'monday', 'tonight', 'tune', 'on', 'll', 'be', 'pm', 'am']","['will be on at a m enjoy', 'will be on at enjoy', 'i will be on tonight at enjoy']",Enjoy Monday Night Radio Show
59,58_again_america_make_great,"['again', 'america', 'make', 'great', 'bigleaguetruth', 'souls', 'outsider', 'caucusfortrump', 'plague', 'world']","['make america great again', 'make america great again', 'make america great again']",Make America Great Again (MAGA)
60,59_warming_global_climate_freezing,"['warming', 'global', 'climate', 'freezing', 'cold', 'change', 'coldest', 'weather', 'snow', 'ice']","['for those that constantly say that global warming is now climate change they changed the name the name global warming wasn t working', 'they changed the name global warming to climate change because the concept of global warming just wasn t working', 'they changed the name from global warming to climate change after the term global warming just wasn t working it was too cold']",Climate Change and Global Warming Misconceptions
61,60_tweets_twitter_tweet_followers,"['tweets', 'twitter', 'tweet', 'followers', 'following', 'best', 'love', 'your', 'you', 'person']","['welcome to twitter', 'theahmadhassan sir your tweets are the best tweets really inspiring i love them thank you', 'tweets business']",Twitter Engagement and Followers Interaction
62,61_fed_reserve_rates_inflation,"['fed', 'reserve', 'rates', 'inflation', 'federal', 'interest', 'dollar', 'powell', 'tightening', 'quantitative']","['at my meeting with jay powell this morning i protested fact that our fed rate is set too high relative to the interest rates of other competitor countries in fact our rates should be lower than all others we are the u s too strong a dollar hurting manufacturers amp growth', 'the united states because of the federal reserve is paying a much higher interest rate than other competing countries they can t believe how lucky they are that jay powell amp the fed don t have a clue and now on top of it all the oil hit big interest rate drop stimulus', 'our manufacturers we should have lower interest rates than germany japan and all others we are now by far the biggest and strongest country but the fed puts us at a competitive disadvantage china is not our problem the federal reserve is we will win anyway']",Federal Reserve Interest Rate Policy and Economic Impact
63,62_oscars_seth_emmys_meyers,"['oscars', 'seth', 'emmys', 'meyers', 'ellen', 'show', 'emmy', 'awards', 'talent', 'stewart']","['is this boring or is it just me oscars', 'how do you like seth and oscars so far', 'just terrible oscars']",Award Shows and Hosts Critique
64,63_ratings_her_she_megyn,"['ratings', 'her', 'she', 'megyn', 'show', 'kelly', 'megynkelly', 'me', 'tv', 'cher']","['why does devote so much time on her shows to me almost always negative without me her ratings would tank get a life megyn', 'crazy says i don t won t go on her show and she still gets good ratings but almost all of her shows are negative hits on me', 'if crazy didn t cover me so much on her terrible show her ratings would totally tank she is so average in so many ways']",Megyn Kelly's Television Ratings and Coverage
65,64_economy_economic_best_ever,"['economy', 'economic', 'best', 'ever', 'growth', 'numbers', 'history', 'jobs', 'world', 'companies']","['best usa economy in history', 'our economy is doing great', 'the best economy ever']",The Greatest Economic Boom in US History
66,65_romney_mitt_stevens_choked,"['romney', 'mitt', 'stevens', 'choked', 'stuart', 'graham', 'he', 'failed', 'lindsey', 'blew']","['congratulations to mitt romney he was not only good he was absolutely fantastic tonight', 'donald trump to mitt romney you re fired via', 'mitt romney did great in the debate last night']",Mitt Romney's Political Debates and Performance
67,66_hurricane_local_officials_fema,"['hurricane', 'local', 'officials', 'fema', 'heed', 'safe', 'storm', 'closely', 'state', 'carolina']","['my team and i are closely monitoring extremely dangerous hurricane sally we are fully engaged with state amp local leaders to assist the great people of alabama louisiana and mississippi be ready and listen to state and local leaders', 'i am monitoring hurricane dorian and receiving frequent briefings and updates it is important to heed the directions of your state and local officials this is an extremely dangerous storm please prepare and be safe', 'was just briefed on hurricane delta and spoke with of texas and john bel edwards please heed the directions of your state and local officials we are working with them very closely please be prepared be careful and be safe']",Hurricane Preparedness and Response Coordination
68,67_court_supreme_justices_justice,"['court', 'supreme', 'justices', 'justice', 'judges', 'roberts', 'judge', 'federal', 'united', 'states']","['now up to federal judges and two great new supreme court justices we are in major record territory hope everyone is happy', 'big decision will soon be made on our next justice of the supreme court', 'supreme court']",United States Supreme Court Justices
69,68_comey_james_mccabe_fbi,"['comey', 'james', 'mccabe', 'fbi', 'fired', 'director', 'andrew', 'lied', 'investigation', 'ig']","['slippery james comey the worst fbi director in history was not fired because of the phony russia investigation where by the way there was no collusion except by the dems', 'the only thing james comey ever got right was when he said that president trump was not under investigation', 'why didn t a g sessions replace acting fbi director andrew mccabe a comey friend who was in charge of clinton investigation but got']",James Comey and Andrew McCabe's Tenure and Controversies at the FBI
70,69_afghanistan_taliban_terrorism_terrorists,"['afghanistan', 'taliban', 'terrorism', 'terrorists', 'islamic', 'soldiers', 'pakistan', 'killed', 'karzai', 'we']","['when will we stop wasting our money on rebuilding afghanistan we must rebuild our country first', 'five u s soldiers killed in afghanistan by so called friendly fire what are we doing', 'our gov t is so pathetic that some of the billions being wasted in afghanistan are ending up with terrorists']",Afghanistan Conflict and Terrorism
71,70_ebola_africa_flights_west,"['ebola', 'africa', 'flights', 'west', 'infected', 'obama', 'ban', 'cdc', 'travel', 'patient']","['here we go i stated long ago that we should cancel all flights from west africa now we have ebola in u s and it will only get worse', 'via by trump wants ebola travel ban', 'the bigger problem with ebola is all of the people coming into the u s from west africa who may be infected with the disease stop flights']",Ebola Outbreak and Travel Restrictions in West Africa
72,71_jeb_bush_jebbush_mommy,"['jeb', 'bush', 'jebbush', 'mommy', 'brother', 'his', 'he', 'campaign', 'ad', 'iraq']","['donald trump on jeb bush the last thing we need is another bush via by', 'this is no act of love as jeb bush said', 'not good news for jeb bush']",Jeb Bush's Political Career
73,72_approval_rating_party_rasmussen,"['approval', 'rating', 'party', 'rasmussen', 'republican', 'overall', 'gallup', 'higher', 'thank', 'poll']","['approval rating in the republican party thank you', 'approval rating in the republican party thank you', 'rasmussen approval rating republican party approval rating thank you']",Republican Party Approval Ratings by Rasmussen Reports
74,73_weiner_spitzer_anthony_pervert,"['weiner', 'spitzer', 'anthony', 'pervert', 'eliot', 'sexting', 'wiener', 'danger', 'sexter', 'sick']","['pervert alert sexter anthony weiner will be running for mayor of new york city', 'as hard as it is to believe sexting pervert anthony weiner is leading in some polls for mayor of nyc', 'with spitzer amp anthony weiner running for office new york is pervert central pathetic']",Political Scandals Involving Anthony Weiner and Eliot Spitzer
75,74_lawsuit_case_sue_university,"['lawsuit', 'case', 'sue', 'university', 'fees', 'lawyer', 'lauderdale', 'legal', 'maher', 'against']","['wow tremendous victory in the trump university case against lightweight got the news', 'cnn amp lawyer elizabeth beck did a terrible job against me she lost i even got legal fees i loved beating her she was easy', 'should have settled ft lauderdale plaintiffs must pay me close to k in legal fees after trump trial victory']",Trump University Lawsuit Victory
76,75_rubio_marco_lightweight_senator,"['rubio', 'marco', 'lightweight', 'senator', 'amnesty', 'immigration', 'choker', 'weak', 'cruz', 'illegal']","['marco rubio is totally weak on illegal immigration amp in favor of easy amnesty a lightweight choker bad for usa', 'new ad concerning lightweight senator marco rubio', 'little marco rubio the lightweight no show senator from florida is just another washington politician']",Marco Rubio's Political Criticism and Immigration Stance
77,76_series_champion_win_congratulations,"['series', 'champion', 'win', 'congratulations', 'champions', 'cup', 'game', 'boston', 'stanleycup', 'winning']","['today it was my honor to welcome the world series champion boston to the', 'it was my honor to welcome cup series champion and his team to the yesterday', 'congratulations to the cup series champion']",Championship Victory Celebrations
78,77_birthday_happy_th_retweet,"['birthday', 'happy', 'th', 'retweet', 'wishes', 'my', 'friend', 'bday', 'wish', 'today']","['happy st birthday to the thank you', 'happy birthday to my friend', 'happy birthday to our great united states']",Birthday Greetings and Celebrations
79,78_she_endorsement_complete_total,"['she', 'endorsement', 'complete', 'total', 'congresswoman', 'vets', 'strong', 'amendment', 'congress', 'second']","['we need back in congress to fight for the incredible people of georgia she is a tremendous advocate for our military vets border security and the second amendment karen has my complete and total endorsement ga', 'she will be a great senator and has my complete and total endorsement', 'martha is strong on crime and borders the nd amendment and loves our military and vets she has my complete and total endorsement']",Political Endorsements by Influential Figures
80,79_cruz_ted_lyin_liar,"['cruz', 'ted', 'lyin', 'liar', 'lies', 'tricks', 'gay', 'he', 'bible', 'marriage']","['endorsements for lyin ted cruz', 'i agree with marco rubio that ted cruz is a liar', 'crazy supposedly had lyin ted cruz on her show last night ted is desperate and his lying is getting worse ted can t win']",Ted Cruz Controversies and Allegations
81,80_negotiation_art_deal_tip,"['negotiation', 'art', 'deal', 'tip', 'desperate', 'seem', 'negotiations', 'possibly', 'persuasion', 'leverage']","['remember the worst thing you can do in a negotiation is seem desperate to make the deal', 'negotiation tip the worst thing you can possibly do in a deal is seem desperate to make it', 'negotiation tip the worst thing you can possibly do in a deal is seem desperate to make it']",Essential Tips for Successful Negotiation in Art Deals
82,81_nfl_anthem_players_flag,"['nfl', 'anthem', 'players', 'flag', 'football', 'disrespect', 'national', 'kneeling', 'stand', 'games']","['the nfl has decided that it will not force players to stand for the playing of our national anthem total disrespect for our great country', 'two dozen nfl players continue to kneel during the national anthem showing total disrespect to our flag amp country no leadership in nfl', 'very important that nfl players stand tomorrow and always for the playing of our national anthem respect our flag and our country']",NFL National Anthem Protests
83,82_estate_real_buy_buyer,"['estate', 'real', 'buy', 'buyer', 'market', 'property', 'housing', 'residential', 'still', 'properties']","['the residential real estate market continues to provide opportunities for first time home owners buy now if you can', 'the real estate market is slowly improving still a great time to buy you will thank me in years', 'real estate']",Residential Real Estate Buying Guide
84,83_great_excellent_okay_good,"['great', 'excellent', 'okay', 'good', 'that', '', '', '', '', '']","['great', 'great', 'great']",Levels of Quality and Satisfaction
85,84_conference_press_white_house,"['conference', 'press', 'white', 'house', 'eastern', 'news', 'at', 'having', 'today', 'minutes']","['i will be having a white house press conference today at p m thank you', 'i will be having a white house press conference today at p m thank you', 'i will be having a white house press conference today at p m thank you']",White House Press Conference Announcement
86,85_fame_wwehof_wwe_hall,"['fame', 'wwehof', 'wwe', 'hall', 'vince', 'inducted', 'wrestlemania', 'vincemcmahon', 'mcmahon', 'into']","['in today s all new trumpvlog i discuss what a great honor it was to be inducted into the wwe hall of fame', 'via trump to be inducted into wwe hall of fame', 'via donald trump to be inducted into wwe hall of fame']",WWE Hall of Fame Induction
87,86_luck_good_thanks_hi,"['luck', 'good', 'thanks', 'hi', 'and', 'gilberto', 'brian', 'dpal', 'sven', 'andrea']","['good luck', 'good luck', 'good luck']",Greetings and Well-Wishes Among Friends
88,87_father_family_mother_dad,"['father', 'family', 'mother', 'dad', 'son', 'your', 'proud', 'happy', 'mom', 'wonderful']","['tbt for all who have been asking my mother was a great beauty and a wonderful person here we are with my father', 'happy father s day to all i had a wonderful and loving father', 'your family and dad are great your mother must have been amazing']",Family Appreciation and Memories
89,88_putin_russia_obama_vladimir,"['putin', 'russia', 'obama', 'vladimir', 'madness', 'respect', 'lunch', 'russian', 'has', 'president']","['i don t know putin have no deals in russia and the haters are going crazy yet obama can make a deal with iran in terror no problem', 'because of president obama s failed leadership we have put vladimir putin amp russia back on the world stage no reason for this', 'bluestarwindow putin knows that obama is a danger to the world putin will respect president trump true']",U.S.-Russia Relations and Perceptions During Obama's Presidency
90,89_drug_prices_prescription_pharma,"['drug', 'prices', 'prescription', 'pharma', 'opioid', 'price', 'drugs', 'lower', 'favored', 'ads']","['chuck we will get lower drug prices done thanks', 'big announcement today drug companies have to come clean about their prices in tv ads historic transparency for american patients is here if drug companies are ashamed of those prices lower them', 'drug prices will soon be lowered massively big pharma drug companies are advertising against me like crazy because lower prices mean less profit when you watch a fake ad just think lower drug prices']",Pharmaceutical Pricing and Prescription Drug Cost Transparency
91,90_bills_buffalo_buy_team,"['bills', 'buffalo', 'buy', 'team', 'owner', 'billsmafia', 'buying', 'would', 'nflcommish', 'league']","['the city of buffalo is struggling moving the would be catastrophic the bills belong in buffalo', 'rwill buying the bills would be the best thing for not only the team but for the city of buffalo', 'david bossie keep the bills in buffalo can save them would be a great nfl owner']",Potential Purchase of the Buffalo Bills NFL Team
92,91_nice_words_keep_thanks,"['nice', 'words', 'keep', 'thanks', 'thank', 'work', 'job', 'you', 'up', 'kind']","['keep up the great work thank you', 'thank you keep up the great work', 'thank you and keep up the great work']",Appreciative Encouragement
93,92_african_black_unemployment_lowest,"['african', 'black', 'unemployment', 'lowest', 'americans', 'community', 'american', 'history', 'reform', 'hispanic']","['so true wayne and lowest black unemployment in history', 'unemployment for black americans is the lowest ever recorded trump approval ratings with black americans has doubled thank you and it will get even much better', 'so if african american unemployment is now at the lowest number in history median income the highest and you then add all of the other things i have done how do democrats who have done nothing for african americans but talk win the black vote and it will only get better']",Record Low Unemployment Rates Among African American and Hispanic Communities
94,93_rod_yankees_contract_drugs,"['rod', 'yankees', 'contract', 'drugs', 'druggie', 'he', 'him', 'doping', 'his', 'player']","['via donald trump would fire a rod', 'now there is talk of a rod being shipped to if a rod is not a next year the fans will be happy', 'via donald trump is not a rod fan']",Alex Rodriguez's Controversial Career with the New York Yankees
95,94_role_model_inspiration_thanks,"['role', 'model', 'inspiration', 'thanks', 'thank', 'you', 'inspirational', 'inspire', 'my', 'success']","['grtblankenship is definitely the best personality i follow on twitter inspiration and role model all together', 'koos congrats on all your success you are a great role model thanks', 'dialad you are my role model i want to be like you in my own original way inspiration thanks']",Gratitude for Inspirational Role Models
96,95_france_meetings_meeting_summit,"['france', 'meetings', 'meeting', 'summit', 'biarritz', 'leaders', 'with', 'macron', 'argentina', 'nations']","['france and president have done a really great job thus far with a very important g lunch with emmanuel was the best meeting we have yet had likewise evening meeting with world leaders went very well progress being made', 'just wrapped up a great meeting with my friend prime minister of india at the g summit in biarritz france', 'very productive meeting with angela merkel the chancellor of the federal republic of germany at the g summit in biarritz france']","G7 Summit in Biarritz, France"
97,96_york_ny_new_movement,"['york', 'ny', 'new', 'movement', 'state', 'unify', 'city', 'nyc', 'vote', 'government']","['thank you new york i love you makeamericagreatagain trump', 'thank you new york trump', 'thank you new york makeamericagreatagain trump']",New York Support for Trump Movement
98,97_signing_crippled_book_copies,"['signing', 'crippled', 'book', 'copies', 'signed', 'timetogettough', 'yours', 'copy', 'tower', 'streaming']","['i am signing copies of my book crippled america order yours now makes a great holiday gift', 'i am signing copies of my book crippled america order yours now makes a great holiday gift', 'i am signing copies of my book crippled america makes a great holiday gift order yours now']","Donald Trump's ""Crippled America"" Book Signing Event"
99,98_transit_bus_area_funds,"['transit', 'bus', 'area', 'funds', 'funding', 'improvements', 'service', 'infrastructure', 'airport', 'federal']","['i am proud to announce that will receive b in cares act funding to assist in their continued operations and to keep people moving in the ny nj area the largest single federal transit grant to new jersey transit ever together we will prevail', 'i am proud to announce the san francisco bay area will receive over m in federal funds to support continued operations and support workers at intl airport and for transit on amp this money will aid in economic recovery', 'big improvements in rural bus service will be on their way to michigan i am awarding m in federal funding through to improve bus service statewide so important for transit in this great state']",Federal Funding for Transit Infrastructure Improvements
100,99_brady_tom_quarterback_kraft,"['brady', 'tom', 'quarterback', 'kraft', 'belichick', 'comeback', 'patriots', 'nfl', 'coach', 'bob']","['good luck to bob kraft tom brady and coach bill belichick tonight', 'congratulations to tom brady on yet another great victory tom is my friend and a total winner', 'congratulations to tom brady he is a great quarterback and a great champion']",Tom Brady and the New England Patriots
101,100_interview_enjoyed_great_interviews,"['interview', 'enjoyed', 'great', 'interviews', 'discussing', 'mccarver', 'thanks', 'tim', 'herschel', 'fantastic']","['my interview with discussing the new season of all star', 'great interview eric', 'thank you and great interview']",Memorable Interviews with Sports Personalities
102,101_unemployment_rate_jobs_lowest,"['unemployment', 'rate', 'jobs', 'lowest', 'labor', 'numbers', 'participation', 'july', 'force', 'number']","['the new unemployment numbers are terrible more people are out of the labor force to', 'the unemployment rate remains at a year low of the unemployment rate in manufacturing dropped to the lowest ever recorded the unemployment rate among hispanics dropped to the lowest ever recorded secretaryacosta', 'just out unemployment is the lowest number since']",Record Low Unemployment Rates and Job Market Trends
103,102_derek_jeter_mariano_baseball,"['derek', 'jeter', 'mariano', 'baseball', 'rivera', 'yankee', 'player', 'captain', 'pitcher', 'apartment']","['derek jeter wants to rent an apartment derek only in a trump building trump is lucky for you', 'derek jeter s baseball and more in today s trumpvlog', 'congratulations to derek jeter on being named to']",Derek Jeter and Mariano Rivera: New York Yankees Baseball Legends
104,103_mini_mike_bloomberg_steyer,"['mini', 'mike', 'bloomberg', 'steyer', 'debate', 'he', 'tom', 'his', 'him', 'money']","['mini mike you re easy', 'the real winner last night was donald trump mini mike bloomberg i agree', 'a very bad night for mini mike']",Michael Bloomberg's Performance in the Democratic Debates
105,104_georgia_signature_verification_signatures,"['georgia', 'signature', 'verification', 'signatures', 'fulton', 'governor', 'ballots', 'state', 'secretary', 'decree']","['i will easily amp quickly win georgia if governor or the secretary of state permit a simple signature verification has not been done and will show large scale discrepancies why are these two republicans saying no if we win georgia everything else falls in place', 'the republican governor of georgia and the secretary of state must immediately allow a signature verification match on the presidential election if that happens we quickly and easily win the state and importantly pave the way for a big david and kelly win', 'governor and his puppet together with the secretary of state of georgia are very slow on signature verification and won t allow fulton county to be examined what are these rinos hiding we will easily win presidential state race and']",Georgia Election Signature Verification Controversy
106,105_college_records_applications_release,"['college', 'records', 'applications', 'release', 'transcripts', 'obama', 'birth', 'his', 'application', 'returns']","['why did give his tax returns without demanding that obama release his college records amp applications in return', 'mittromney must ask for obama s college records amp applications why is he not doing this', 'my interview discussing how should release his college applications amp records']",Obama's College Records and Application Disclosure Debate
107,106_daca_deal_democrats_want,"['daca', 'deal', 'democrats', 'want', 'dems', 'court', 'republicans', 'recipients', 'they', 'wall']","['congress get ready to do your job daca', 'ruling amp request of yesterday i have wanted to take care of daca recipients better than the do nothing democrats but for two years they refused to negotiate they have abandoned daca based on the decision the dems can t make daca citizens they gained nothing', 'the democrats do not want to help daca would be so easy to make a deal']",DACA Negotiations and Democratic Party's Stance
108,107_art_deal_read_book,"['art', 'deal', 'read', 'book', 'books', 'start', 'reading', 'of', 'since', 'business']","['the art of the deal is a good start', 'the art of the deal is a good start', 'art of the deal']",The Art of the Deal Book
109,108_she_gabriela_her_isler,"['she', 'gabriela', 'her', 'isler', 'beautiful', 'olivia', 'wonderful', 'maria', 'woman', 'missy']","['she was great', 'she was great', 'she was great']",Gabriela Isler Miss Universe
110,109_emails_deleted_hillary_clinton,"['emails', 'deleted', 'hillary', 'clinton', 'mails', 'email', 'crooked', 'acid', 'she', 'huma']","['asking hillary clinton why she deleted and acid washed her emails after getting a subpoena from congress anybody else would be in jail for that yet the dems refuse to even bring it up rigged house committee', 'what has happened here with the anthony wiener laptop the server all of the emails between huma abedin and hillary clinton the deleted clinton emails what is going on joe d amp victoria t', 'hillary clinton deleted emails with her email server technician']",Hillary Clinton Email Controversy
111,110_ford_plant_motors_jobs,"['ford', 'plant', 'motors', 'jobs', 'michigan', 'mexico', 'general', 'plants', 'billion', 'auto']","['big announcement by ford today major investment to be made in three michigan plants car companies coming back to u s jobs jobs jobs', 'general motors must immediately open their stupidly abandoned lordstown plant in ohio or some other plant and start making ventilators now ford get going on ventilators fast', 'ford said last week that it will expand in michigan and u s instead of building a billion dollar plant in mexico thank you ford amp fiat c']",Ford's Investment in U.S. Manufacturing and Job Creation
112,111_song_mac_miller_donald,"['song', 'mac', 'miller', 'donald', 'hits', 'macmiller', 'million', 'trump', 'platinum', 'rapper']","['tylerthekicker donald trump by mac miller will forever be a great song many agree', 'wow little mac miller has almost million views on his song donald trump keep pushing mac and come up with another hit just do it', 'tylerthekicker donald trump by mac miller will forever be a great song']",Donald Trump Song by Mac Miller
113,112_ukraine_ukrainian_quid_quo,"['ukraine', 'ukrainian', 'quid', 'quo', 'pressure', 'said', 'pro', 'president', 'call', 'pressured']","['again the president of the ukraine said there was no zero pressure put on him by me end of case', 'any laws or did anything wrong and they have to move away from quid pro quo because there was no quid and there was no quo ukraine got it s money weeks early and there was no investigation', 'ex envoy testified ukraine or the president of ukraine never raised quid pro quo concerns with him source the president of ukraine also stated that he was not pressured by me in any way end of case']",Ukraine Quid Pro Quo Allegations
114,113_mccain_john_vets_veterans,"['mccain', 'john', 'vets', 'veterans', 'va', 'he', 'gave', 'supported', 'pow', 'lost']","['stevemarz but mccain is not a hero mccain abandoned pow mccain lies', 'via donald trump john mccain is a loser', 'statement on john mccain']",John McCain's Military Service and Veterans Affairs Advocacy
115,114_jury_judge_guilty_trial,"['jury', 'judge', 'guilty', 'trial', 'oscar', 'foreperson', 'lawyer', 'jodi', 'pistorious', 'charges']","['judge jackson now has a request for a new trial based on the unambiguous amp self outed bias of the foreperson of the jury whose also a lawyer by the way madam foreperson your a lawyer you have a duty an affirmative obligation to reveal to us when we selected you the', 'judge jackson now has a request for a new trial based on the unambiguous amp self outed bias of the foreperson of the jury whose also a lawyer by the way madam foreperson you re a lawyer you have a duty an affirmative obligation to reveal to us when we selected you the', 'judge jackson now has a request for a new trial based on the unambiguous amp self outed bias of the foreperson of the jury whose also a lawyer by the way madam foreperson you re a lawyer you have a duty an affirmative obligation to reveal to us when we selected you the']",Legal Trial Procedures and Jury Selection Bias
116,115_birthday_happy_sarina_bernice,"['birthday', 'happy', 'sarina', 'bernice', 'glenda', 'rgb', 'levi', 'adele', 'leah', 'shane']","['happy birthday', 'happy birthday', 'happy birthday']",Group Birthday Celebration Greetings
117,116_makeamericagreatagain_makeamericasafeagain_madeinamerica_gopdebate,"['makeamericagreatagain', 'makeamericasafeagain', 'madeinamerica', 'gopdebate', 'buyamericanhireamerican', 'lawandorder', 'imwithyou', 'nyprimary', 'imwithyoutranscript', 'deacon']","['makeamericagreatagain', 'makeamericagreatagain', 'makeamericagreatagain']",Donald Trump's Campaign Slogans and GOP Debates
118,117_post_old_office_dc,"['post', 'old', 'office', 'dc', 'hotel', 'building', 'washington', 'hotels', 'avenue', 'pavilion']","['press conference at the old post office in d c', 'we look forward to making the old post office in dc one of the great hotels of the world', 'at the old post office']","Old Post Office Building in Washington, D.C."
119,118_fbi_fisa_dossier_doj,"['fbi', 'fisa', 'dossier', 'doj', 'court', 'documents', 'campaign', 'department', 'comey', 'funded']","['report there were no fisa hearings held over spy documents it is astonishing that the fisa courts couldn t hold hearings on spy warrants targeting donald trump it isn t about carter page it s about the trump campaign you ve got corruption at the doj amp fbi the leadership', 'so if comey amp the top people in the fbi were dirty cops and cheated on the fisa court wouldn t all of these phony cases have to be overturned or dismissed they went after me with the fake dossier paid for by crooked hillary amp the dnc which they illegally presented to fisa', 'the four page memo released friday reports the disturbing fact about how the fbi and fisa appear to have been used to influence the election and its aftermath the fbi failed to inform the fisa court that the clinton campaign had funded the dossier the fbi became']",FBI FISA Warrant Controversy and Dossier Funding
120,119_egypt_brotherhood_muslim_mubarak,"['egypt', 'brotherhood', 'muslim', 'mubarak', 'ally', 'arab', 'abandoned', 'spring', 'sudan', 'aid']","['why are we still giving billions of dollars we don t have in foreign aid to the muslim brotherhood in egypt', 'our new allies in egypt the muslim brotherhood have close relations with iran we never should have abandoned mubarak', 'great we are sending even more f s to the muslim brotherhood in egypt this is a total disaster']",Egypt's Muslim Brotherhood and the Mubarak Era
121,120_bankrupt_bankruptcy_went_filed,"['bankrupt', 'bankruptcy', 'went', 'filed', 'kravis', 'icahn', 'buffett', 'never', 'laws', 'paulson']","['i never went bankrupt', 'i never went bankrupt', 'i never went bankrupt']",Prominent Investors and Their Avoidance of Bankruptcy
122,121_star_season_th_returns,"['star', 'season', 'th', 'returns', 'all', 'fans', 'upcoming', 'popular', 'demand', 'features']","['the record th season of all star features the return of the beautiful the fans love her', 'back by popular demand the fabulous returns to the record setting th season of all star the fans love him', 'back by popular demand the record th season of all star features the return of our fans will be happy']",All-Star Season Returns
123,122_maga_kag_news_dow,"['maga', 'kag', 'news', 'dow', 'gonna', 'jussiesmollett', 'jointsession', 'tayloredwards', 'tm', 'voteearlyday']","['great news maga', 'maga', 'maga']",MAGA Movement and Political News Update
124,123_interview_trump_mr_gardner,"['interview', 'trump', 'mr', 'gardner', 'donald', 'watching', 'you', 'chris', 'radio', 'great']","['more incredible interview on the show please please run for president', 'texasarmymom ready for your interview on kellyfile enjoyed and watched every interview of yours for presidential', 'manakoa donaldtrump you are fearless this interview shows you are the leader we need is a tough interview respect to both']",Donald Trump Interview with Chris Gardner
125,124_makeamericagreatagain_thank_support_you,"['makeamericagreatagain', 'thank', 'support', 'you', 'america', 'trump', 'your', 'zulu', 'comatosejeb', 'allgoodeggs']","['thank you america makeamericagreatagain trump', 'thank you trump makeamericagreatagain', 'thank you makeamericagreatagain trump']",Trump's Make America Great Again Slogan Appreciation
126,125_schneiderman_eric_lightweight_ag,"['schneiderman', 'eric', 'lightweight', 'ag', 'contributions', 'suit', 'attorney', 'foundation', 'shakedown', 'case']","['lightweight a g eric schneiderman is perhaps the most incompetent and least respected a g in the u s he is a total joke', 'must read editorial today about lightweight new york state attorney general eric schneiderman is he a crook', 'why is lightweight a g eric schneiderman allowed to ask for campaign contributions from my people during settlement negotiations']",Eric Schneiderman Controversies as New York Attorney General
127,126_agree_disagree_agreed_cool,"['agree', 'disagree', 'agreed', 'cool', 'retrospect', 'thebutteryone', 'dustindemoss', 'lrt', 'wholeheartedly', 'realliamager']","['i agree', 'i agree', 'i agree']",Consensus and Approval Expressions
128,127_omarosa_kenya_celebapprentice_she,"['omarosa', 'kenya', 'celebapprentice', 'she', 'moore', 'bret', 'fired', 'kdanielsk', 'boardroom', 'kinda']","['re omarosa nasty tough or smart or all', 'thank you for the kind words omarosa', 'antoknee omarosa of this season kenya']",Omarosa's Appearance on Celebrity Apprentice
129,128_haters_losers_hate_follow,"['haters', 'losers', 'hate', 'follow', 'him', 'why', 'don', 'you', 'ignore', 'love']","['jamesmattiske the haters are just jelous because they are not successful like you the haters are losers with no guts', 'utkarsh chheda damn a lot of haters follow u haters and losers', 'christuhglo i love how you handle the haters you mean the haters and losers']",Dealing with Haters and Negative Followers Online
130,129_prime_minister_welcome_poland,"['prime', 'minister', 'welcome', 'poland', 'honor', 'boris', 'italy', 'kingdom', 'duda', 'italian']","['thank you mr prime minister a great honor', 'welcome to the prime minister', 'it s my great honor to welcome prime minister back to the']",Prime Minister's Diplomatic Visit to Poland
131,130_joan_rivers_apprentice_she,"['joan', 'rivers', 'apprentice', 'she', 'funeral', 'woman', 'luv', 'celebrity', 'her', 'janie']","['via joan rivers last work for will run on two shows next season says donald trump', 'joan rivers on the apprentice tonight at i will be live tweeting joan was great', 'joan rivers get well soon joan keep fighting']",Joan Rivers' Appearance on The Apprentice
132,131_puerto_rico_hurricanes_juan,"['puerto', 'rico', 'hurricanes', 'juan', 'hurricane', 'san', 'dollars', 'island', 'relief', 'governor']","['my administration governor and many others are working together to help the people of puerto rico in every way', 'and by the way i m the best thing that s ever happened to puerto rico', 'wow yet another big storm heading to puerto rico will it ever end congress approved billion dollars for puerto rico last year an all time record of its kind for anywhere']",Hurricane Relief Efforts in Puerto Rico
133,132_maga_thank_you_maine,"['maga', 'thank', 'you', 'maine', 'rena', 'toya', 'trumpwon', 'boaters', 'working', 'chaffetz']","['thank you maga', 'thank you maga', 'thank you maga']",MAGA Appreciation in Maine
134,133_tea_party_convention_sc,"['tea', 'party', 'convention', 'sc', 'myrtle', 'via', 'beach', 'donald', 'address', 'irs']","['donald trump to headline sc tea party convention via', 'tea', 'trump at tea party via']",South Carolina Tea Party Convention Featuring Donald Trump
135,134_elizabeth_warren_pocahontas_goofy,"['elizabeth', 'warren', 'pocahontas', 'goofy', 'native', 'referred', 'her', 'she', 'sometimes', 'bernie']","['i find it offensive that goofy elizabeth warren sometimes referred to as pocahontas pretended to be native american to get in harvard', 'goofy elizabeth warren sometimes referred to as pocahontas because she faked the fact she is native american is a lowlife', 'goofy elizabeth warren sometimes referred to as pocahontas pretended to be a native american in order to advance her career very racist']",Controversies Surrounding Elizabeth Warren's Native American Ancestry Claims
136,135_magazine_newsweek_rolling_cover,"['magazine', 'newsweek', 'rolling', 'cover', 'dead', 'stone', 'boring', 'dying', 'nymag', 'sad']","['the time magazine list of the most influential people is a joke and stunt of a magazine that will like newsweek soon be dead bad list', 'really bad article about me in the dying or dead esquire magazine totally false lots of hatred when will this boring magazine close', 'dying magazine']",Decline of Print Magazines
137,136_twitter_trending_section_conservative,"['twitter', 'trending', 'section', 'conservative', 'voices', 'facebook', 'banned', 'conservatives', 'social', 'tech']","['twitter makes sure that trending on twitter is anything bad fake or not about president donald trump so obvious what they are doing being studied now', 'why isn t biden corruption trending number one on twitter biggest world story and nowhere to be found there is no trend only negative stories that twitter wants to put up disgraceful section', 'it s never a real twitter trending it s twitter executive s choice only negative on republican voices especially mine']",Bias in Twitter's Trending Topics Against Conservatives
138,137_charity_obama_offer_fundraisers,"['charity', 'obama', 'offer', 'fundraisers', 'barack', 'charitable', 'donations', 'fundraising', 'his', 'dime']","['rt if you think pres obama should release his records to get m for charity for red cross or another great charity', 'i m not hearing much from obama or his administration about my m offer to charity or to which charity the money will go', 'i m not hearing much from obama or his administration about my m offer to charity or to which charity the money will go']",Obama's Charitable Fundraising Offers
139,138_louisiana_edwards_bel_governor,"['louisiana', 'edwards', 'bel', 'governor', 'john', 'runoff', 'insurance', 'republican', 'eddie', 'taxes']","['big rally in louisiana on friday night must force a runoff with a liberal democrat governor john bel edwards who has let your taxes and car insurance get too high and will never protect your nd amendment vote for one of our two great republicans on saturday force a runoff', 'rt just landed in louisiana vote against john bel edwards he has the worst jobs record in the united states louisiana', 'the governor of louisiana john bel edwards has done a poor job now he is in a runoff with a great republican thank you louisiana down to after i explained what a bad job the governor was doing']",John Bel Edwards' Louisiana Governorship and Runoff Election
140,139_nato_pay_germany_europe,"['nato', 'pay', 'germany', 'europe', 'countries', 'share', 'fair', 'european', 'billions', 'commitment']","['what good is nato if germany is paying russia billions of dollars for gas and energy why are there only out of countries that have met their commitment the u s is paying for europe s protection then loses billions on trade must pay of gdp immediately not by', 'what good is nato if germany is paying russia billions of dollars for gas and energy why are their only out of countries that have met their commitment the u s is paying for europe s protection then loses billions on trade must pay of gdp immediately not by', 'thank you nato']",NATO Financial Contributions and Germany's Energy Payments to Russia
141,140_hispanic_hispanics_latinos_community,"['hispanic', 'hispanics', 'latinos', 'community', 'americans', 'latino', 'african', 'trump', 'american', 'univision']","['great call with thousands of our hispanic community business and faith leaders today during this national trial we have been uplifted by the grit determination prayers and patriotism of hispanic americans', 'i m a former chief of police in a border town i m hispanic i m proud to be hispanic and i m behind trump', 'for years sleepy joe biden betrayed hispanic americans now he wants to close your small businesses eliminate school choice and attack our hispanic law enforcement heroes i will always stand with the incredible hispanic american community']",Hispanic American Community and Political Engagement
142,141_self_lobbyists_funding_campaign,"['self', 'lobbyists', 'funding', 'campaign', 'interests', 'am', 'donors', 'special', 'controlled', 'lobbyist']","['i am self funding my campaign so i do not owe anything to lobbyists amp special interests', 'remember i am self funding my campaign the only one in either party i m not controlled by lobbyists or special interests only the u s a', 'by self funding my campaign i am not controlled by my donors special interests or lobbyists i am only working for the people of the u s']",Self-Funded Political Campaigns and Lobbyist Influence
143,142_penalty_boston_killer_death,"['penalty', 'boston', 'killer', 'death', 'trial', 'trials', 'fast', 'colorado', 'peterson', 'punishment']","['didn t the boston killer even run over his own brother with a car in order to get away we are not dealing with an innocent baby here death', 'if they die fast trial death penalty for the killer only way to stop this', 'get all the info then quick trial then death penalty for the boston killer of innocent children and people do not be kind']",Boston Marathon Bomber Death Penalty Trial
144,143_welfare_food_stamps_stamp,"['welfare', 'food', 'stamps', 'stamp', 'median', 'poverty', 'timetogettough', 'household', 'income', 'individuals']","['under out of every americans is on food stamps', 'no surprise welfare spending is up over under obama he is the food stamp amp welfare king', 'obama our welfare amp food stamp president is praising himself for expanding welfare he doesn t believe in work']",Food Stamp Program and Welfare Policy in the Obama Era
145,144_ads_ad_commercials_commercial,"['ads', 'ad', 'commercials', 'commercial', 'false', 'advertising', 'misleading', 'spending', 'ineffective', 'negative']","['weak amp ineffective is doing ads where he shows his statement in the debate but not my response false advertising', 'another false ad by the do nothing democrats almost all of their ads are false or misleading and the fake news loves it', 'weak amp ineffective is doing ads where he shows his statement in the debate but not my response false advertising']",Misleading and Ineffective Advertising Practices
146,145_thanks_do_will_ellie,"['thanks', 'do', 'will', 'ellie', 'elginet', 'try', 'posted', 'won', 'no', 'll']","['thanks i do and will', 'thanks will do', 'will do thanks']",Expressions of Gratitude and Commitment
147,146_yes_chained_no_totally,"['yes', 'chained', 'no', 'totally', 'pretty', 'seems', 'sir', 'absolutely', 'way', 'really']","['yes', 'yes', 'yes']",Affirmation and Certainty Expressions
148,147_kasich_ohio_john_ads,"['kasich', 'ohio', 'john', 'ads', 'gov', 'nafta', 'negative', 'tpp', 'him', 'he']","['carlyfiorina carly not just you i also told gov kasich to let jeb talk give him a chance because kasich was constantly cutting in', 'john kasich despite being governor of ohio is losing to me in the ohio polls pathetic', 'absentee governor kasich voted for nafta and nafta devastated ohio a disaster from which it never recovered kasich is good for mexico']",John Kasich's Political Career and Controversies in Ohio
149,148_pence_mike_kaine_hamilton,"['pence', 'mike', 'kaine', 'hamilton', 'vpdebate', 'vp', 'theater', 'knights', 'governor', 'certify']","['mike pence won big we should all be proud of mike', 'mike pence was fantastic tonight will be a great v p', 'mike pence won big']",Mike Pence's Vice Presidential Debate Performance
150,149_rove_karl_loser_spent,"['rove', 'karl', 'loser', 'spent', 'total', 'why', 'race', 'predictions', 'karlrove', 'didn']","['karl rove s ads are the worst in political history', 'why does bill o reilly keep putting karl rove on his show a total waste of time rove spent and didn t win a race pathetic', 'donald trump karl rove is a total loser so why are people still giving him money via']",Karl Rove's Political Campaign Failures
151,150_vote_register_mail_ballot,"['vote', 'register', 'mail', 'ballot', 'early', 'registration', 'voting', 'absentee', 'counted', 'voter']","['new mexico today is the last day you can register to vote online or via mail make sure your vote counts', 'early voting and vote by mail start today in arizona cast your vote early in person or request your vote by mail ballot right now we want all eligible voters to vote and have it counted request your vote by mail ballot by clicking below vote', 'register to vote before monday register now on then request your absentee ballot before do it today and return your ballot the same day you get it if you aren t planning to vote by mail vote early in person or vote on election day']",Mail-In and Absentee Voting Registration
152,151_sexual_military_rape_airlines,"['sexual', 'military', 'rape', 'airlines', 'abuse', 'lga', 'airports', 'assault', 'plane', 'forces']","['sexual assault and rape in the armed forces is a massive problem that nobody wants to talk about or do anything about the big dark secret', 'general says that the armed forces will be severely weakened if the large scale rape and sexual abuse problem is not brought under control', 'head of air force s anti sexual assault unit arrested for sexual assault it just seems that our country is not what it used to be']",Sexual Assault in the Military and Aviation Industries
153,152_danny_dannyzuker_zuker_bet,"['danny', 'dannyzuker', 'zuker', 'bet', 'modern', 'loser', 'camera', 'family', 're', 'gutless']","['tigergal not very presidential dannyzuker danny you re a total loser perhaps but true', 'dannyzuker i have to be honest i think i m starting not to like the guy actually danny you would like me very much', 'dannyzuker danny you re a total loser']",Danny Zuker Twitter Feud with Donald Trump
154,153_benghazi_obama_libya_attack,"['benghazi', 'obama', 'libya', 'attack', 'americans', 'killed', 'consulate', 'died', 'scandal', 'terrorist']","['benghazi was a massive cover up', 'don t forget benghazi', 'the anti benghazi']",Benghazi Attack and Obama Administration Response
155,154_meeting_today_presbyterian_great,"['meeting', 'today', 'presbyterian', 'great', 'with', 'ceo', 'pastors', 'oval', 'morning', 'leaders']","['great meeting with at the today maga', 'great meeting you', 'great meeting today at the']",Today's Great Meeting with Presbyterian Leaders and CEO
156,155_spying_surveillance_spy_campaign,"['spying', 'surveillance', 'spy', 'campaign', 'intelligence', 'watergate', 'unmasking', 'informant', 'spygate', 'spied']","['new bombshell in the obama spying scandal did other agencies spy on trump campaign even clapper worlds dumbest former intelligence head who has the problem of lying a lot used the word spy when describing the illegal activities', 'trump should be happy that the fbi was spying on his campaign no james clapper i am not happy spying on a campaign would be illegal and a scandal to boot', 'clapper has now admitted that there was spying in my campaign large dollars were paid to the spy far beyond normal starting to look like one of the biggest political scandals in u s history spygate a terrible thing']",Political Surveillance Controversies
157,156_polls_poll_fake_suppression,"['polls', 'poll', 'fake', 'suppression', 'pollster', 'fox', 'polling', 'abc', 'election', 'phony']","['internal real polls show i am beating all of the dem candidates the fake news polls here we go again just like show losing or tied their polls will be proven corrupt on november rd just like the fake news is corrupt', 'other good polls also in fifties despite only fake news and then phony polls by a p cnn nbc and as always fox who were way off on election', 'here we go with the fake polls just like what happened with the election against crooked hillary clinton abc nbc cnn they all got it wrong on purpose suppression polls so early they will never learn']",Election Polling Discrepancies and Allegations of Suppression
158,157_venezuela_cuba_maduro_venezuelan,"['venezuela', 'cuba', 'maduro', 'venezuelan', 'cuban', 'democracy', 'hugo', 'chavez', 'regime', 'freedom']","['the citizens of venezuela have suffered for too long at the hands of the illegitimate maduro regime today i have officially recognized the president of the venezuelan national assembly juan guaido as the interim president of venezuela', 'i am continuing to monitor the situation in venezuela very closely the united states stands with the people of venezuela and their freedom', 'i am monitoring the situation in venezuela very closely the united states stands with the people of venezuela and their freedom']",Venezuelan Political Crisis and Relations with Cuba
159,158_friends_fox_minutes_enjoy,"['friends', 'fox', 'minutes', 'enjoy', 'morning', 'amp', 'doing', 'tomorrow', 'at', 'be']","['doing fox amp friends at a m', 'will be on fox amp friends at enjoy', 'fox amp friends at']",Appearances on Fox & Friends TV Program
160,159_strzok_ohr_bruce_peter,"['strzok', 'ohr', 'bruce', 'peter', 'fbi', 'page', 'lisa', 'agent', 'lover', 'text']","['where are the important text messages between fbi lovers lisa page and peter strzok blaming samsung', 'why was the fbi s sick loser peter strzok working on the totally discredited mueller team of angry amp conflicted democrats when strzok was giving crooked hillary a free pass yet telling his lover lawyer lisa page that we ll stop trump from becoming president witch hunt', 'the fbi received documents from bruce ohr of the justice department amp whose wife nelly worked for fusion gps disgraced and fired fbi agent peter strzok this is too crazy to be believed the rigged witch hunt has zero credibility']","Peter Strzok, Lisa Page, and Bruce Ohr FBI Controversy"
161,160_screen_apple_iphone_larger,"['screen', 'apple', 'iphone', 'larger', 'steve', 'samsung', 'jobs', 'yardstick', 'quality', 'excellence']","['i predicted apple s stock fall based on their dumb refusal to give the option of a larger iphone screen like samsung i sold my apple stock', 'i cannot believe that apple didn t come out with a larger screen iphone samsung is stealing their business steve jobs is spinning in grave', 'i can t believe apple isn t moving faster to create a larger iphone screen bring back steve jobs']",Apple iPhone's Transition to Larger Screens
162,161_fox_foxnews_biased_their,"['fox', 'foxnews', 'biased', 'their', 'outlet', 'even', 'debates', 'anti', 'anchor', 'radical']","['even the radical left do nothing democrats laughed at the fox suggestion no respect for the people running but fox keeps on plugging to try and become politically correct they put rino paul ryan on their board they hire debate questions to crooked hillary', 'foxnews is at it again so different from what they used to be during the primaries amp before proud warriors now new fox polls which have always been terrible to me they had me losing big to crooked hillary have me down to sleepy joe even considering', 'foxnews is out with another of their phony polls done by the same group of haters that got it even more wrong in watch what happens in november fox is terrible']",Allegations of Bias at Fox News
163,162_snowden_traitor_russia_spy,"['snowden', 'traitor', 'russia', 'spy', 'edward', 'damage', 'asylum', 'face', 'justice', 'he']","['call it any way you like but snowden is a traitor when our country was great do you know what we did to traitors', 'traitor snowden has requested asylum in russia why would russia grant it snowden already gave them all the intel he stole', 'trump terrible traitor snowden embarrassing us via by']",Edward Snowden's Asylum in Russia and Espionage Controversy
164,163_trumptuesday_tomorrow_tune_trumproast,"['trumptuesday', 'tomorrow', 'tune', 'trumproast', 'pm', 'tonight', 'am', 'on', 'airs', 'morning']","['tomorrow is trumptuesday on am', 'tune in for trumptuesday on tomorrow morning', 'tomorrow is trumptuesday on am tune in']",Trump Tuesday Broadcast Schedule
165,164_bernie_sanders_dnc_nomination,"['bernie', 'sanders', 'dnc', 'nomination', 'rigged', 'supporters', 'kaine', 'crazy', 'him', 'system']","['bernie sanders is being treated very badly by the dems the system is rigged against him he should run as an independent run bernie run', 'the dnc on bernie sanders looks like they re going to do it to him again doesn t it', 'bernie sanders is out thank you to elizabeth warren if not for her bernie would have won almost every state on super tuesday this ended just like the democrats amp the dnc wanted same as the crooked hillary fiasco the bernie people should come to the republican party trade']",Bernie Sanders and DNC Nomination Controversy
